{"train": [2.9637932777404785, 2.3263113498687744, 2.221411943435669, 2.1273162364959717, 1.954520583152771, 1.8682894706726074, 1.8668887615203857, 1.767175555229187, 1.7400282621383667, 1.7537530660629272], "val": [3.026057004928589, 2.3387670516967773, 2.266939640045166, 2.0926146507263184, 2.008241653442383, 1.9623090028762817, 1.9121569395065308, 1.9241764545440674, 1.793560266494751, 1.8264873027801514]}