{"train": [2.5316457748413086, 2.3178963661193848, 2.177727222442627, 2.043785810470581, 1.8846648931503296, 1.894260287284851, 1.8407330513000488, 1.7686959505081177, 1.7755626440048218, 1.693886399269104], "val": [2.4511008262634277, 2.357163429260254, 2.1543614864349365, 2.100940465927124, 1.9953298568725586, 2.0036706924438477, 1.982177972793579, 1.9291326999664307, 1.8546545505523682, 1.7789539098739624]}